Date,Drug,Model,Actual_Sales,Predicted_Sales,Set
2019-06-12,N05B,KNN,11.0,11.0,Train
2014-01-25,N05B,KNN,18.0,18.0,Train
2015-10-05,N05B,KNN,11.0,11.0,Train
2015-07-31,N05B,KNN,8.0,8.0,Train
2015-09-09,N05B,KNN,8.0,8.0,Train
2014-01-19,N05B,KNN,4.0,4.0,Train
2016-03-27,N05B,KNN,11.0,11.0,Train
2016-08-16,N05B,KNN,4.0,4.0,Train
2018-12-16,N05B,KNN,3.0,3.0,Train
2014-12-09,N05B,KNN,12.0,12.0,Train
2017-09-16,N05B,KNN,11.0,11.0,Train
2019-02-14,N05B,KNN,9.0,9.0,Train
2015-02-15,N05B,KNN,7.0,7.0,Train
2015-04-16,N05B,KNN,7.0,7.0,Train
2016-11-30,N05B,KNN,13.0,13.0,Train
2017-12-18,N05B,KNN,7.0,7.0,Train
2016-12-16,N05B,KNN,8.0,8.0,Train
2018-06-03,N05B,KNN,8.0,8.0,Train
2014-04-06,N05B,KNN,1.0,1.0,Train
2018-09-11,N05B,KNN,15.0,15.0,Train
2016-06-10,N05B,KNN,11.0,11.0,Train
2019-05-18,N05B,KNN,9.0,9.0,Train
2019-01-19,N05B,KNN,9.0,9.0,Train
2019-01-15,N05B,KNN,9.0,9.0,Train
2017-02-18,N05B,KNN,10.0,10.0,Train
2019-01-16,N05B,KNN,12.0,12.0,Train
2019-08-16,N05B,KNN,15.0,15.0,Train
2019-06-08,N05B,KNN,12.0,12.0,Train
2016-01-31,N05B,KNN,3.0,3.0,Train
2015-11-11,N05B,KNN,4.0,4.0,Train
2016-11-13,N05B,KNN,0.0,0.0,Train
2019-04-12,N05B,KNN,16.0,16.0,Train
2016-02-16,N05B,KNN,3.0,3.0,Train
2014-06-05,N05B,KNN,4.0,4.0,Train
2014-06-15,N05B,KNN,5.0,5.0,Train
2018-04-01,N05B,KNN,19.0,19.0,Train
2019-08-24,N05B,KNN,9.0,9.0,Train
2019-02-27,N05B,KNN,9.0,9.0,Train
2016-08-17,N05B,KNN,7.0,7.0,Train
2017-05-08,N05B,KNN,8.0,8.0,Train
2016-10-01,N05B,KNN,5.0,5.0,Train
2016-12-23,N05B,KNN,6.0,6.0,Train
2018-12-25,N05B,KNN,9.0,9.0,Train
2017-06-05,N05B,KNN,5.0,5.0,Train
2016-12-20,N05B,KNN,12.0,12.0,Train
2016-03-18,N05B,KNN,15.0,15.0,Train
2018-01-05,N05B,KNN,11.0,11.0,Train
2017-03-10,N05B,KNN,8.0,8.0,Train
2015-03-31,N05B,KNN,5.0,5.0,Train
2015-11-13,N05B,KNN,13.0,13.0,Train
2014-04-13,N05B,KNN,3.0,3.0,Train
2014-11-25,N05B,KNN,18.0,18.0,Train
2014-08-05,N05B,KNN,9.0,9.0,Train
2016-07-03,N05B,KNN,4.0,4.0,Train
2014-08-10,N05B,KNN,4.0,4.0,Train
2019-05-13,N05B,KNN,11.0,11.0,Train
2017-08-19,N05B,KNN,10.0,10.0,Train
2017-09-02,N05B,KNN,8.0,8.0,Train
2017-02-04,N05B,KNN,12.08333333,12.08333333,Train
2015-02-12,N05B,KNN,11.0,11.0,Train
2017-03-08,N05B,KNN,4.0,4.0,Train
2018-09-20,N05B,KNN,13.0,13.0,Train
2016-01-27,N05B,KNN,18.0,18.0,Train
2018-01-17,N05B,KNN,10.0,10.0,Train
2014-07-10,N05B,KNN,32.0,32.0,Train
2016-08-01,N05B,KNN,7.5,7.5,Train
2019-06-22,N05B,KNN,11.0,11.0,Train
2018-04-28,N05B,KNN,11.0,11.0,Train
2015-02-21,N05B,KNN,9.0,9.0,Train
2018-10-29,N05B,KNN,5.0,5.0,Train
2018-05-25,N05B,KNN,9.0,9.0,Train
2018-03-11,N05B,KNN,0.0,0.0,Train
2018-12-21,N05B,KNN,12.0,12.0,Train
2014-05-19,N05B,KNN,5.0,5.0,Train
2017-08-25,N05B,KNN,17.0,17.0,Train
2017-05-28,N05B,KNN,2.0,2.0,Train
2016-09-22,N05B,KNN,6.0,6.0,Train
2014-01-30,N05B,KNN,7.0,7.0,Train
2018-08-26,N05B,KNN,10.0,10.0,Train
2017-04-23,N05B,KNN,7.0,7.0,Train
2019-03-11,N05B,KNN,10.0,10.0,Train
2014-05-16,N05B,KNN,10.0,10.0,Train
2017-04-20,N05B,KNN,10.0,10.0,Train
2019-06-13,N05B,KNN,2.0,2.0,Train
2017-02-11,N05B,KNN,11.0,11.0,Train
2016-04-27,N05B,KNN,27.0,27.0,Train
2016-06-07,N05B,KNN,13.0,13.0,Train
2019-09-15,N05B,KNN,6.0,6.0,Train
2018-08-07,N05B,KNN,7.0,7.0,Train
2017-05-10,N05B,KNN,4.0,4.0,Train
2018-10-13,N05B,KNN,8.0,8.0,Train
2016-12-03,N05B,KNN,2.0,2.0,Train
2017-08-17,N05B,KNN,8.0,8.0,Train
2015-06-19,N05B,KNN,13.0,13.0,Train
2017-10-28,N05B,KNN,11.0,11.0,Train
2014-08-26,N05B,KNN,14.0,14.0,Train
2018-03-21,N05B,KNN,4.0,4.0,Train
2015-08-21,N05B,KNN,8.0,8.0,Train
2014-01-31,N05B,KNN,9.0,9.0,Train
2017-01-25,N05B,KNN,18.75,18.75,Train
2018-05-31,N05B,KNN,10.0,10.0,Train
2017-12-27,N05B,KNN,9.0,9.0,Train
2017-02-21,N05B,KNN,14.0,14.0,Train
2016-01-10,N05B,KNN,8.0,8.0,Train
2017-10-24,N05B,KNN,3.0,3.0,Train
2017-09-22,N05B,KNN,2.0,2.0,Train
2017-06-12,N05B,KNN,3.0,3.0,Train
2017-05-16,N05B,KNN,2.0,2.0,Train
2018-07-01,N05B,KNN,7.0,7.0,Train
2018-11-24,N05B,KNN,11.0,11.0,Train
2017-05-05,N05B,KNN,8.0,8.0,Train
2016-03-14,N05B,KNN,12.0,12.0,Train
2019-05-28,N05B,KNN,10.0,10.0,Train
2018-03-07,N05B,KNN,31.0,31.0,Train
2015-01-20,N05B,KNN,24.0,24.0,Train
2017-01-18,N05B,KNN,16.66666667,16.66666667,Train
2015-08-14,N05B,KNN,5.0,5.0,Train
2014-07-13,N05B,KNN,2.0,2.0,Train
2014-07-07,N05B,KNN,11.0,11.0,Train
2018-01-14,N05B,KNN,2.0,2.0,Train
2016-01-11,N05B,KNN,18.0,18.0,Train
2016-12-25,N05B,KNN,0.0,0.0,Train
2018-05-14,N05B,KNN,4.0,4.0,Train
2015-04-06,N05B,KNN,4.0,4.0,Train
2015-07-29,N05B,KNN,8.0,8.0,Train
2019-04-14,N05B,KNN,3.0,3.0,Train
2014-10-16,N05B,KNN,9.0625,9.0625,Train
2019-03-06,N05B,KNN,17.0,17.0,Train
2015-06-04,N05B,KNN,5.0,5.0,Train
2016-06-14,N05B,KNN,17.0,17.0,Train
2016-11-10,N05B,KNN,5.0,5.0,Train
2017-02-01,N05B,KNN,10.83333333,10.83333333,Train
2017-10-03,N05B,KNN,21.0,21.0,Train
2018-02-11,N05B,KNN,12.0,12.0,Train
2016-05-16,N05B,KNN,17.0,17.0,Train
2015-04-02,N05B,KNN,3.0,3.0,Train
2019-09-07,N05B,KNN,14.0,14.0,Train
2016-05-15,N05B,KNN,6.0,6.0,Train
2015-02-20,N05B,KNN,5.0,5.0,Train
2017-02-13,N05B,KNN,0.0,0.0,Train
2014-02-09,N05B,KNN,10.0,10.0,Train
2015-08-24,N05B,KNN,8.0,8.0,Train
2014-06-09,N05B,KNN,17.0,17.0,Train
2017-07-31,N05B,KNN,9.0,9.0,Train
2018-09-08,N05B,KNN,12.0,12.0,Train
2017-12-31,N05B,KNN,9.0,9.0,Train
2014-05-18,N05B,KNN,6.0,6.0,Train
2019-09-20,N05B,KNN,3.0,3.0,Train
2019-07-27,N05B,KNN,6.0,6.0,Train
2015-07-28,N05B,KNN,14.0,14.0,Train
2018-07-06,N05B,KNN,15.0,15.0,Train
2014-09-07,N05B,KNN,9.0,9.0,Train
2018-02-01,N05B,KNN,7.0,7.0,Train
2015-09-29,N05B,KNN,7.0,7.0,Train
2017-08-11,N05B,KNN,6.0,6.0,Train
2019-08-14,N05B,KNN,6.0,6.0,Train
2017-04-14,N05B,KNN,3.0,3.0,Train
2015-02-17,N05B,KNN,3.0,3.0,Train
2019-05-19,N05B,KNN,9.0,9.0,Train
2014-03-11,N05B,KNN,12.0,12.0,Train
2016-08-30,N05B,KNN,4.0,4.0,Train
2016-08-24,N05B,KNN,2.0,2.0,Train
2015-11-25,N05B,KNN,11.0,11.0,Train
2017-07-13,N05B,KNN,5.0,5.0,Train
2015-02-16,N05B,KNN,4.0,4.0,Train
2015-04-19,N05B,KNN,3.0,3.0,Train
2014-05-30,N05B,KNN,14.0,14.0,Train
2016-10-07,N05B,KNN,4.0,4.0,Train
2018-05-12,N05B,KNN,10.0,10.0,Train
2016-02-10,N05B,KNN,29.0,29.0,Train
2017-03-12,N05B,KNN,6.0,6.0,Train
2014-12-31,N05B,KNN,14.0,14.0,Train
2015-01-06,N05B,KNN,13.0,13.0,Train
2016-03-19,N05B,KNN,6.0,6.0,Train
2017-03-11,N05B,KNN,2.0,2.0,Train
2014-05-31,N05B,KNN,10.0,10.0,Train
2014-02-08,N05B,KNN,13.0,13.0,Train
2016-01-28,N05B,KNN,4.0,4.0,Train
2015-07-20,N05B,KNN,4.0,4.0,Train
2014-06-25,N05B,KNN,19.0,19.0,Train
2014-01-12,N05B,KNN,8.0,8.0,Train
2015-03-06,N05B,KNN,4.0,4.0,Train
2019-03-12,N05B,KNN,12.0,12.0,Train
2014-09-02,N05B,KNN,7.0,7.0,Train
2019-10-05,N05B,KNN,7.0,7.0,Train
2015-02-03,N05B,KNN,18.0,18.0,Train
2016-04-30,N05B,KNN,11.0,11.0,Train
2019-04-29,N05B,KNN,5.0,5.0,Train
2018-03-08,N05B,KNN,10.0,10.0,Train
2015-02-19,N05B,KNN,2.0,2.0,Train
2014-09-21,N05B,KNN,7.0,7.0,Train
2018-04-29,N05B,KNN,5.0,5.0,Train
2017-12-15,N05B,KNN,6.0,6.0,Train
2018-01-09,N05B,KNN,9.0,9.0,Train
2016-10-08,N05B,KNN,2.0,2.0,Train
2015-02-23,N05B,KNN,9.0,9.0,Train
2015-06-11,N05B,KNN,11.0,11.0,Train
2015-10-19,N05B,KNN,3.0,3.0,Train
2017-08-22,N05B,KNN,3.0,3.0,Train
2019-06-05,N05B,KNN,7.0,7.0,Train
2019-09-11,N05B,KNN,5.0,5.0,Train
2018-10-19,N05B,KNN,5.0,5.0,Train
2015-11-03,N05B,KNN,5.0,5.0,Train
2015-02-28,N05B,KNN,9.0,9.0,Train
2017-08-27,N05B,KNN,5.0,5.0,Train
2017-10-17,N05B,KNN,9.0,9.0,Train
2014-12-21,N05B,KNN,6.0,6.0,Train
2019-08-30,N05B,KNN,3.0,3.0,Train
2015-04-28,N05B,KNN,7.0,7.0,Train
2014-10-24,N05B,KNN,18.0,18.0,Train
2014-10-20,N05B,KNN,25.0,25.0,Train
2016-06-08,N05B,KNN,10.0,10.0,Train
2018-09-07,N05B,KNN,6.0,6.0,Train
2014-06-28,N05B,KNN,14.0,14.0,Train
2017-05-01,N05B,KNN,0.0,0.0,Train
2014-08-12,N05B,KNN,8.0,8.0,Train
2016-09-10,N05B,KNN,9.0,9.0,Train
2014-02-24,N05B,KNN,4.0,4.0,Train
2014-09-28,N05B,KNN,6.0,6.0,Train
2018-03-06,N05B,KNN,22.0,22.0,Train
2015-06-16,N05B,KNN,6.0,6.0,Train
2019-03-25,N05B,KNN,11.0,11.0,Train
2016-07-21,N05B,KNN,15.0,15.0,Train
2014-01-11,N05B,KNN,14.0,14.0,Train
2014-11-06,N05B,KNN,23.0,23.0,Train
2015-05-23,N05B,KNN,10.0,10.0,Train
2016-08-19,N05B,KNN,12.0,12.0,Train
2019-08-27,N05B,KNN,3.0,3.0,Train
2014-09-14,N05B,KNN,6.0,6.0,Train
2015-11-04,N05B,KNN,18.0,18.0,Train
2019-08-08,N05B,KNN,10.0,10.0,Train
2019-04-15,N05B,KNN,17.0,17.0,Train
2018-02-12,N05B,KNN,14.0,14.0,Train
2015-09-15,N05B,KNN,7.5,7.5,Train
2015-10-20,N05B,KNN,6.0,6.0,Train
2017-07-07,N05B,KNN,6.0,6.0,Train
2016-11-28,N05B,KNN,5.0,5.0,Train
2019-05-10,N05B,KNN,13.0,13.0,Train
2017-11-15,N05B,KNN,8.0,8.0,Train
2016-06-04,N05B,KNN,2.0,2.0,Train
2016-11-02,N05B,KNN,1.0,1.0,Train
2014-02-06,N05B,KNN,17.0,17.0,Train
2017-09-09,N05B,KNN,7.0,7.0,Train
2017-08-21,N05B,KNN,4.0,4.0,Train
2014-01-23,N05B,KNN,2.0,2.0,Train
2014-02-14,N05B,KNN,13.0,13.0,Train
2016-08-28,N05B,KNN,3.0,3.0,Train
2016-09-29,N05B,KNN,4.0,4.0,Train
2015-10-18,N05B,KNN,3.0,3.0,Train
2016-10-22,N05B,KNN,3.0,3.0,Train
2019-03-09,N05B,KNN,11.0,11.0,Train
2018-10-04,N05B,KNN,12.0,12.0,Train
2014-06-17,N05B,KNN,12.0,12.0,Train
2017-10-13,N05B,KNN,8.0,8.0,Train
2014-06-13,N05B,KNN,11.0,11.0,Train
2015-04-05,N05B,KNN,4.0,4.0,Train
2014-03-08,N05B,KNN,11.0,11.0,Train
2014-03-07,N05B,KNN,3.0,3.0,Train
2019-01-25,N05B,KNN,11.0,11.0,Train
2017-01-28,N05B,KNN,9.166666667,9.166666667,Train
2014-06-03,N05B,KNN,7.0,7.0,Train
2014-04-21,N05B,KNN,8.0,8.0,Train
2015-10-13,N05B,KNN,5.5,5.5,Train
2015-12-01,N05B,KNN,4.0,4.0,Train
2018-03-14,N05B,KNN,14.0,14.0,Train
2016-09-05,N05B,KNN,8.0,8.0,Train
2017-12-04,N05B,KNN,3.0,3.0,Train
2017-04-18,N05B,KNN,8.0,8.0,Train
2014-04-12,N05B,KNN,19.0,19.0,Train
2017-11-18,N05B,KNN,2.0,2.0,Train
2019-07-25,N05B,KNN,9.0,9.0,Train
2019-03-13,N05B,KNN,10.0,10.0,Train
2016-04-06,N05B,KNN,7.0,7.0,Train
2014-06-29,N05B,KNN,1.0,1.0,Train
2016-09-11,N05B,KNN,8.0,8.0,Train
2014-03-14,N05B,KNN,11.0,11.0,Train
2015-10-06,N05B,KNN,9.0,9.0,Train
2016-05-04,N05B,KNN,4.0,4.0,Train
2017-08-03,N05B,KNN,8.0,8.0,Train
2015-02-04,N05B,KNN,6.0,6.0,Train
2018-12-12,N05B,KNN,11.0,11.0,Train
2019-07-16,N05B,KNN,7.0,7.0,Train
2017-09-23,N05B,KNN,12.0,12.0,Train
2015-04-30,N05B,KNN,7.0,7.0,Train
2017-02-25,N05B,KNN,6.875,6.875,Train
2018-06-04,N05B,KNN,3.0,3.0,Train
2016-03-29,N05B,KNN,4.0,4.0,Train
2016-12-02,N05B,KNN,14.0,14.0,Train
2017-07-26,N05B,KNN,11.0,11.0,Train
2014-12-30,N05B,KNN,18.0,18.0,Train
2014-02-21,N05B,KNN,17.0,17.0,Train
2017-03-04,N05B,KNN,0.0,0.0,Train
2016-11-14,N05B,KNN,5.0,5.0,Train
2019-07-17,N05B,KNN,7.0,7.0,Train
2015-10-28,N05B,KNN,11.0,11.0,Train
2016-08-07,N05B,KNN,12.0,12.0,Train
2017-09-18,N05B,KNN,7.0,7.0,Train
2016-11-05,N05B,KNN,9.0,9.0,Train
2014-10-03,N05B,KNN,12.0,12.0,Train
2019-09-03,N05B,KNN,8.0,8.0,Train
2014-02-02,N05B,KNN,6.0,6.0,Train
2015-10-25,N05B,KNN,4.0,4.0,Train
2019-06-10,N05B,KNN,7.0,7.0,Train
2019-07-14,N05B,KNN,3.0,3.0,Train
2016-04-12,N05B,KNN,19.0,19.0,Train
2015-05-01,N05B,KNN,4.0,4.0,Train
2017-05-07,N05B,KNN,3.0,3.0,Train
2018-02-13,N05B,KNN,10.0,10.0,Train
2015-12-14,N05B,KNN,11.0,11.0,Train
2017-08-29,N05B,KNN,5.0,5.0,Train
2019-03-27,N05B,KNN,12.0,12.0,Train
2015-01-02,N05B,KNN,13.0,13.0,Train
2017-05-24,N05B,KNN,9.0,9.0,Train
2016-03-07,N05B,KNN,3.0,3.0,Train
2018-04-02,N05B,KNN,31.0,31.0,Train
2019-03-01,N05B,KNN,12.0,12.0,Train
2015-11-18,N05B,KNN,11.0,11.0,Train
2017-12-23,N05B,KNN,6.0,6.0,Train
2018-12-24,N05B,KNN,20.0,20.0,Train
2014-10-28,N05B,KNN,23.0,23.0,Train
2019-02-02,N05B,KNN,8.0,8.0,Train
2019-01-28,N05B,KNN,11.0,11.0,Train
2014-11-07,N05B,KNN,32.0,32.0,Train
2014-06-30,N05B,KNN,6.0,6.0,Train
2014-05-06,N05B,KNN,10.0,10.0,Train
2019-01-24,N05B,KNN,7.0,7.0,Train
2014-03-29,N05B,KNN,8.0,8.0,Train
2015-05-08,N05B,KNN,8.0,8.0,Train
2017-10-02,N05B,KNN,3.0,3.0,Train
2014-11-22,N05B,KNN,15.0,15.0,Train
2017-06-29,N05B,KNN,1.0,1.0,Train
2015-07-21,N05B,KNN,7.0,7.0,Train
2018-01-12,N05B,KNN,11.0,11.0,Train
2018-12-06,N05B,KNN,0.0,0.0,Train
2015-05-14,N05B,KNN,1.0,1.0,Train
2016-07-17,N05B,KNN,3.0,3.0,Train
2018-03-26,N05B,KNN,15.0,15.0,Train
2019-01-21,N05B,KNN,11.0,11.0,Train
2016-11-09,N05B,KNN,18.0,18.0,Train
2014-10-13,N05B,KNN,11.0,11.0,Train
2019-10-02,N05B,KNN,9.0,9.0,Train
2016-04-02,N05B,KNN,4.0,4.0,Train
2016-05-11,N05B,KNN,13.0,13.0,Train
2017-07-11,N05B,KNN,2.0,2.0,Train
2016-05-20,N05B,KNN,14.0,14.0,Train
2018-12-23,N05B,KNN,8.0,8.0,Train
2019-03-30,N05B,KNN,11.0,11.0,Train
2019-09-01,N05B,KNN,8.2,8.2,Train
2014-12-04,N05B,KNN,16.0,16.0,Train
2018-02-15,N05B,KNN,6.0,6.0,Train
2014-08-22,N05B,KNN,15.0,15.0,Train
2014-03-03,N05B,KNN,1.0,1.0,Train
2017-08-05,N05B,KNN,2.0,2.0,Train
2017-04-10,N05B,KNN,1.0,1.0,Train
2014-01-13,N05B,KNN,9.0,9.0,Train
2016-07-31,N05B,KNN,5.0,5.0,Train
2018-08-29,N05B,KNN,10.0,10.0,Train
2015-06-08,N05B,KNN,10.0,10.0,Train
2017-03-29,N05B,KNN,3.0,3.0,Train
2017-12-10,N05B,KNN,7.0,7.0,Train
2018-05-11,N05B,KNN,6.0,6.0,Train
2014-12-19,N05B,KNN,0.0,0.0,Train
2014-07-27,N05B,KNN,5.0,5.0,Train
2018-03-28,N05B,KNN,23.0,23.0,Train
2019-05-09,N05B,KNN,10.0,10.0,Train
2018-06-12,N05B,KNN,3.0,3.0,Train
2019-04-10,N05B,KNN,16.2,16.2,Train
2016-01-16,N05B,KNN,11.0,11.0,Train
2015-06-27,N05B,KNN,10.0,10.0,Train
2019-06-18,N05B,KNN,8.0,8.0,Train
2016-09-09,N05B,KNN,11.0,11.0,Train
2016-08-26,N05B,KNN,3.0,3.0,Train
2018-01-19,N05B,KNN,12.0,12.0,Train
2016-03-24,N05B,KNN,4.0,4.0,Train
2015-11-21,N05B,KNN,4.0,4.0,Train
2018-06-13,N05B,KNN,1.0,1.0,Train
2019-10-08,N05B,KNN,20.0,20.0,Train
2018-10-26,N05B,KNN,14.0,14.0,Train
2016-04-15,N05B,KNN,6.0,6.0,Train
2016-10-28,N05B,KNN,9.0,9.0,Train
2016-08-02,N05B,KNN,12.0,12.0,Train
2014-12-12,N05B,KNN,18.0,18.0,Train
2016-06-22,N05B,KNN,6.0,6.0,Train
2017-01-29,N05B,KNN,15.83333333,15.83333333,Train
2018-09-01,N05B,KNN,6.0,6.0,Train
2019-08-07,N05B,KNN,7.0,7.0,Train
2015-02-27,N05B,KNN,1.0,1.0,Train
2019-09-16,N05B,KNN,5.0,5.0,Train
2015-09-10,N05B,KNN,18.0,18.0,Train
2014-12-20,N05B,KNN,9.0,9.0,Train
2017-09-26,N05B,KNN,4.0,4.0,Train
2014-08-21,N05B,KNN,16.0,16.0,Train
2014-04-03,N05B,KNN,4.0,4.0,Train
2014-07-17,N05B,KNN,14.0,14.0,Train
2017-11-14,N05B,KNN,14.0,14.0,Train
2018-02-25,N05B,KNN,10.0,10.0,Train
2019-06-17,N05B,KNN,6.0,6.0,Train
2015-03-28,N05B,KNN,6.0,6.0,Train
2014-05-15,N05B,KNN,7.0,7.0,Train
2016-01-21,N05B,KNN,8.0,8.0,Train
2014-04-01,N05B,KNN,5.0,5.0,Train
2015-01-19,N05B,KNN,12.0,12.0,Train
2017-05-29,N05B,KNN,4.0,4.0,Train
2017-05-04,N05B,KNN,4.0,4.0,Train
2017-05-18,N05B,KNN,4.0,4.0,Train
2015-04-23,N05B,KNN,8.0,8.0,Train
2014-04-07,N05B,KNN,4.0,4.0,Train
2015-02-06,N05B,KNN,7.0,7.0,Train
2017-09-10,N05B,KNN,7.0,7.0,Train
2014-03-30,N05B,KNN,4.0,4.0,Train
2014-02-22,N05B,KNN,12.0,12.0,Train
2018-05-10,N05B,KNN,12.0,12.0,Train
2018-04-18,N05B,KNN,5.0,5.0,Train
2018-10-15,N05B,KNN,12.0,12.0,Train
2016-02-06,N05B,KNN,1.0,1.0,Train
2018-09-04,N05B,KNN,7.0,7.0,Train
2014-05-07,N05B,KNN,8.0,8.0,Train
2017-04-13,N05B,KNN,1.0,1.0,Train
2016-05-12,N05B,KNN,8.0,8.0,Train
2018-11-20,N05B,KNN,4.0,4.0,Train
2015-11-26,N05B,KNN,8.0,8.0,Train
2019-06-28,N05B,KNN,5.0,5.0,Train
2018-09-22,N05B,KNN,6.0,6.0,Train
2014-03-02,N05B,KNN,2.0,2.0,Train
2017-06-23,N05B,KNN,5.0,5.0,Train
2017-07-25,N05B,KNN,5.0,5.0,Train
2014-05-01,N05B,KNN,0.0,0.0,Train
2018-04-25,N05B,KNN,8.0,8.0,Train
2014-05-03,N05B,KNN,5.0,5.0,Train
2017-04-25,N05B,KNN,4.0,4.0,Train
2018-12-08,N05B,KNN,0.0,0.0,Train
2017-04-16,N05B,KNN,0.0,0.0,Train
2014-04-26,N05B,KNN,12.0,12.0,Train
2017-04-11,N05B,KNN,5.0,5.0,Train
2015-11-24,N05B,KNN,12.0,12.0,Train
2019-09-02,N05B,KNN,7.0,7.0,Train
2018-03-05,N05B,KNN,6.0,6.0,Train
2015-11-22,N05B,KNN,6.0,6.0,Train
2015-03-02,N05B,KNN,6.0,6.0,Train
2014-06-19,N05B,KNN,8.0,8.0,Train
2015-03-04,N05B,KNN,4.0,4.0,Train
2016-05-13,N05B,KNN,9.0,9.0,Train
2016-07-10,N05B,KNN,6.0,6.0,Train
2018-02-04,N05B,KNN,6.0,6.0,Train
2014-10-29,N05B,KNN,20.0,20.0,Train
2014-08-04,N05B,KNN,14.0,14.0,Train
2019-05-15,N05B,KNN,7.0,7.0,Train
2018-12-19,N05B,KNN,0.0,0.0,Train
2016-04-18,N05B,KNN,15.0,15.0,Train
2014-11-27,N05B,KNN,9.0,9.0,Train
2016-01-02,N05B,KNN,0.0,0.0,Train
2017-06-02,N05B,KNN,9.0,9.0,Train
2014-07-25,N05B,KNN,15.0,15.0,Train
2016-07-11,N05B,KNN,9.0,9.0,Train
2016-09-21,N05B,KNN,12.0,12.0,Train
2019-03-03,N05B,KNN,5.0,5.0,Train
2018-07-04,N05B,KNN,6.0,6.0,Train
2017-07-01,N05B,KNN,5.0,5.0,Train
2016-02-14,N05B,KNN,5.0,5.0,Train
2019-06-15,N05B,KNN,13.0,13.0,Train
2015-12-26,N05B,KNN,15.0,15.0,Train
2018-11-22,N05B,KNN,9.0,9.0,Train
2019-04-27,N05B,KNN,13.0,13.0,Train
2015-12-13,N05B,KNN,5.0,5.0,Train
2016-10-14,N05B,KNN,22.0,22.0,Train
2019-09-05,N05B,KNN,1.0,1.0,Train
2015-12-27,N05B,KNN,4.0,4.0,Train
2016-12-12,N05B,KNN,28.33333333,28.33333333,Train
2015-09-25,N05B,KNN,11.0,11.0,Train
2018-05-18,N05B,KNN,11.0,11.0,Train
2018-07-25,N05B,KNN,7.0,7.0,Train
2018-04-19,N05B,KNN,3.0,3.0,Train
2017-07-30,N05B,KNN,11.0,11.0,Train
2017-08-07,N05B,KNN,9.0,9.0,Train
2017-12-07,N05B,KNN,8.0,8.0,Train
2019-05-24,N05B,KNN,8.0,8.0,Train
2015-01-13,N05B,KNN,14.0,14.0,Train
2016-08-31,N05B,KNN,3.0,3.0,Train
2018-06-29,N05B,KNN,8.0,8.0,Train
2015-12-30,N05B,KNN,12.0,12.0,Train
2017-03-26,N05B,KNN,4.0,4.0,Train
2018-06-21,N05B,KNN,5.0,5.0,Train
2018-01-13,N05B,KNN,6.0,6.0,Train
2019-07-21,N05B,KNN,5.0,5.0,Train
2017-05-21,N05B,KNN,5.0,5.0,Train
2019-09-18,N05B,KNN,4.0,4.0,Train
2014-02-17,N05B,KNN,13.0,13.0,Train
2019-02-25,N05B,KNN,4.0,4.0,Train
2018-07-16,N05B,KNN,8.0,8.0,Train
2018-12-04,N05B,KNN,11.0,11.0,Train
2018-04-10,N05B,KNN,18.0,18.0,Train
2019-03-19,N05B,KNN,10.0,10.0,Train
2018-02-28,N05B,KNN,21.0,21.0,Train
2017-10-25,N05B,KNN,4.0,4.0,Train
2019-05-12,N05B,KNN,2.0,2.0,Train
2017-08-20,N05B,KNN,6.0,6.0,Train
2015-12-10,N05B,KNN,9.0,9.0,Train
2018-07-09,N05B,KNN,12.0,12.0,Train
2018-04-24,N05B,KNN,9.0,9.0,Train
2015-10-02,N05B,KNN,5.0,5.0,Train
2016-11-22,N05B,KNN,3.0,3.0,Train
2019-02-26,N05B,KNN,8.0,8.0,Train
2016-11-26,N05B,KNN,9.0,9.0,Train
2016-07-30,N05B,KNN,7.0,7.0,Train
2018-12-20,N05B,KNN,12.0,12.0,Train
2014-03-27,N05B,KNN,6.0,6.0,Train
2019-01-20,N05B,KNN,6.0,6.0,Train
2017-03-20,N05B,KNN,3.0,3.0,Train
2014-07-02,N05B,KNN,7.0,7.0,Train
2015-07-06,N05B,KNN,8.0,8.0,Train
2015-11-09,N05B,KNN,3.0,3.0,Train
2015-04-25,N05B,KNN,3.0,3.0,Train
2017-03-06,N05B,KNN,1.0,1.0,Train
2016-05-26,N05B,KNN,20.0,20.0,Train
2014-09-12,N05B,KNN,19.0,19.0,Train
2014-04-20,N05B,KNN,0.0,0.0,Train
2015-07-03,N05B,KNN,10.0,10.0,Train
2015-01-16,N05B,KNN,16.0,16.0,Train
2019-02-08,N05B,KNN,9.0,9.0,Train
2015-01-28,N05B,KNN,18.0,18.0,Train
2015-10-30,N05B,KNN,8.0,8.0,Train
2017-06-10,N05B,KNN,2.0,2.0,Train
2017-05-23,N05B,KNN,9.0,9.0,Train
2017-01-09,N05B,KNN,9.166666667,9.166666667,Train
2019-02-01,N05B,KNN,9.0,9.0,Train
2017-01-19,N05B,KNN,15.83333333,15.83333333,Train
2019-09-29,N05B,KNN,6.0,6.0,Train
2014-06-08,N05B,KNN,8.0,8.0,Train
2014-08-23,N05B,KNN,5.0,5.0,Train
2019-02-24,N05B,KNN,2.0,2.0,Train
2016-02-09,N05B,KNN,16.0,16.0,Train
2018-11-02,N05B,KNN,8.2,8.2,Train
2015-01-09,N05B,KNN,33.0,33.0,Train
2017-12-22,N05B,KNN,13.0,13.0,Train
2014-07-21,N05B,KNN,13.0,13.0,Train
2018-05-22,N05B,KNN,7.0,7.0,Train
2014-02-28,N05B,KNN,12.0,12.0,Train
2014-09-29,N05B,KNN,12.0,12.0,Train
2018-10-06,N05B,KNN,4.0,4.0,Train
2018-04-03,N05B,KNN,10.0,10.0,Train
2016-04-13,N05B,KNN,22.33333333,22.33333333,Train
2014-04-10,N05B,KNN,10.0,10.0,Train
2014-05-26,N05B,KNN,7.0,7.0,Train
2015-10-24,N05B,KNN,8.0,8.0,Train
2016-08-20,N05B,KNN,1.0,1.0,Train
2019-03-02,N05B,KNN,9.0,9.0,Train
2018-03-29,N05B,KNN,5.0,5.0,Train
2015-06-26,N05B,KNN,3.0,3.0,Train
2015-06-29,N05B,KNN,15.0,15.0,Train
2016-02-08,N05B,KNN,5.0,5.0,Train
2018-03-02,N05B,KNN,24.0,24.0,Train
2018-05-19,N05B,KNN,7.0,7.0,Train
2019-02-20,N05B,KNN,14.0,14.0,Train
2016-02-11,N05B,KNN,10.0,10.0,Train
2015-02-07,N05B,KNN,9.0,9.0,Train
2014-12-06,N05B,KNN,9.0,9.0,Train
2014-12-14,N05B,KNN,10.0,10.0,Train
2018-11-30,N05B,KNN,3.0,3.0,Train
2015-04-22,N05B,KNN,3.0,3.0,Train
2019-08-29,N05B,KNN,9.0,9.0,Train
2015-05-27,N05B,KNN,7.0,7.0,Train
2018-11-16,N05B,KNN,6.0,6.0,Train
2018-12-11,N05B,KNN,12.0,12.0,Train
2016-12-05,N05B,KNN,6.0,6.0,Train
2018-06-23,N05B,KNN,7.0,7.0,Train
2014-04-23,N05B,KNN,8.0,8.0,Train
2019-04-05,N05B,KNN,7.0,7.0,Train
2017-10-21,N05B,KNN,9.0,9.0,Train
2016-06-11,N05B,KNN,4.0,4.0,Train
2017-01-06,N05B,KNN,10.83333333,10.83333333,Train
2017-10-30,N05B,KNN,7.0,7.0,Train
2019-05-30,N05B,KNN,5.0,5.0,Train
2018-07-03,N05B,KNN,9.0,9.0,Train
2014-04-05,N05B,KNN,5.0,5.0,Train
2018-07-15,N05B,KNN,4.0,4.0,Train
2015-02-09,N05B,KNN,8.0,8.0,Train
2017-08-01,N05B,KNN,3.0,3.0,Train
2018-08-28,N05B,KNN,7.0,7.0,Train
2019-01-22,N05B,KNN,13.0,13.0,Train
2014-03-25,N05B,KNN,7.0,7.0,Train
2018-12-18,N05B,KNN,12.0,12.0,Train
2015-07-05,N05B,KNN,10.0,10.0,Train
2017-06-22,N05B,KNN,4.0,4.0,Train
2019-01-27,N05B,KNN,12.0,12.0,Train
2019-01-11,N05B,KNN,12.0,12.0,Train
2017-01-12,N05B,KNN,14.16666667,14.16666667,Train
2014-11-20,N05B,KNN,13.0,13.0,Train
2015-08-07,N05B,KNN,9.0,9.0,Train
2017-01-14,N05B,KNN,16.66666667,16.66666667,Train
2017-10-04,N05B,KNN,6.0,6.0,Train
2016-07-08,N05B,KNN,12.0,12.0,Train
2016-01-09,N05B,KNN,9.0,9.0,Train
2017-11-28,N05B,KNN,5.0,5.0,Train
2016-01-20,N05B,KNN,29.0,29.0,Train
2016-03-23,N05B,KNN,22.0,22.0,Train
2014-06-22,N05B,KNN,8.0,8.0,Train
2014-10-15,N05B,KNN,14.0,14.0,Train
2016-09-26,N05B,KNN,4.0,4.0,Train
2017-03-19,N05B,KNN,3.0,3.0,Train
2019-06-14,N05B,KNN,2.0,2.0,Train
2017-08-12,N05B,KNN,4.0,4.0,Train
2015-05-05,N05B,KNN,6.0,6.0,Train
2014-10-31,N05B,KNN,16.0,16.0,Train
2017-02-17,N05B,KNN,4.0,4.0,Train
2017-04-09,N05B,KNN,3.0,3.0,Train
2017-09-12,N05B,KNN,6.0,6.0,Train
2014-12-16,N05B,KNN,23.0,23.0,Train
2019-10-06,N05B,KNN,6.0,6.0,Train
2019-10-03,N05B,KNN,10.0,10.0,Train
2018-09-13,N05B,KNN,5.0,5.0,Train
2017-03-30,N05B,KNN,9.0,9.0,Train
2019-06-29,N05B,KNN,2.0,2.0,Train
2016-01-14,N05B,KNN,18.0,18.0,Train
2016-01-08,N05B,KNN,8.0,8.0,Train
2017-05-20,N05B,KNN,5.0,5.0,Train
2017-01-31,N05B,KNN,13.33333333,13.33333333,Train
2018-05-05,N05B,KNN,9.0,9.0,Train
2016-06-21,N05B,KNN,15.0,15.0,Train
2017-10-01,N05B,KNN,7.0,7.0,Train
2018-04-09,N05B,KNN,6.0,6.0,Train
2015-02-10,N05B,KNN,11.0,11.0,Train
2018-11-14,N05B,KNN,9.0,9.0,Train
2016-11-04,N05B,KNN,14.0,14.0,Train
2016-11-15,N05B,KNN,27.0,27.0,Train
2014-10-12,N05B,KNN,7.0,7.0,Train
2019-04-21,N05B,KNN,11.0,11.0,Train
2016-03-10,N05B,KNN,8.0,8.0,Train
2017-11-16,N05B,KNN,3.0,3.0,Train
2019-05-22,N05B,KNN,8.0,8.0,Train
2019-03-16,N05B,KNN,9.0,9.0,Train
2017-12-13,N05B,KNN,9.0,9.0,Train
2014-03-31,N05B,KNN,6.0,6.0,Train
2017-03-03,N05B,KNN,9.0,9.0,Train
2015-01-03,N05B,KNN,11.0,11.0,Train
2015-11-05,N05B,KNN,3.0,3.0,Train
2014-09-30,N05B,KNN,10.0,10.0,Train
2014-04-09,N05B,KNN,2.0,2.0,Train
2017-11-05,N05B,KNN,1.0,1.0,Train
2016-03-03,N05B,KNN,2.0,2.0,Train
2019-01-18,N05B,KNN,13.0,13.0,Train
2015-02-13,N05B,KNN,11.0,11.0,Train
2018-05-17,N05B,KNN,11.0,11.0,Train
2018-06-09,N05B,KNN,11.0,11.0,Train
2017-12-03,N05B,KNN,3.0,3.0,Train
2018-04-21,N05B,KNN,7.0,7.0,Train
2016-05-06,N05B,KNN,7.0,7.0,Train
2015-12-24,N05B,KNN,5.0,5.0,Train
2018-03-24,N05B,KNN,7.0,7.0,Train
2015-05-04,N05B,KNN,5.0,5.0,Train
2014-12-18,N05B,KNN,9.0,9.0,Train
2018-06-05,N05B,KNN,7.0,7.0,Train
2018-03-23,N05B,KNN,8.0,8.0,Train
2019-05-23,N05B,KNN,4.0,4.0,Train
2014-07-09,N05B,KNN,6.0,6.0,Train
2015-10-03,N05B,KNN,7.0,7.0,Train
2016-12-28,N05B,KNN,7.0,7.0,Train
2016-08-05,N05B,KNN,24.0,24.0,Train
2018-01-07,N05B,KNN,0.0,0.0,Train
2016-06-09,N05B,KNN,7.0,7.0,Train
2018-10-17,N05B,KNN,5.0,5.0,Train
2015-01-22,N05B,KNN,19.0,19.0,Train
2018-10-16,N05B,KNN,5.0,5.0,Train
2016-06-29,N05B,KNN,12.5,12.5,Train
2014-05-05,N05B,KNN,7.0,7.0,Train
2018-03-12,N05B,KNN,9.0,9.0,Train
2018-07-08,N05B,KNN,10.0,10.0,Train
2014-09-27,N05B,KNN,18.0,18.0,Train
2014-03-16,N05B,KNN,6.0,6.0,Train
2015-12-15,N05B,KNN,3.0,3.0,Train
2015-04-09,N05B,KNN,8.0,8.0,Train
2016-05-10,N05B,KNN,4.0,4.0,Train
2015-04-27,N05B,KNN,10.0,10.0,Train
2018-09-10,N05B,KNN,14.0,14.0,Train
2018-01-26,N05B,KNN,9.0,9.0,Train
2015-01-14,N05B,KNN,20.0,20.0,Train
2018-09-02,N05B,KNN,5.0,5.0,Train
2014-06-26,N05B,KNN,14.0,14.0,Train
2019-07-31,N05B,KNN,4.0,4.0,Train
2018-08-14,N05B,KNN,9.0,9.0,Train
2018-07-17,N05B,KNN,13.0,13.0,Train
2017-12-26,N05B,KNN,9.0,9.0,Train
2017-04-24,N05B,KNN,9.0,9.0,Train
2014-11-17,N05B,KNN,23.0,23.0,Train
2015-05-28,N05B,KNN,3.0,3.0,Train
2017-12-19,N05B,KNN,0.0,0.0,Train
2016-01-13,N05B,KNN,15.0,15.0,Train
2016-04-29,N05B,KNN,15.0,15.0,Train
2014-12-11,N05B,KNN,21.0,21.0,Train
2014-11-24,N05B,KNN,19.0,19.0,Train
2015-05-21,N05B,KNN,5.0,5.0,Train
2017-08-15,N05B,KNN,11.0,11.0,Train
2014-02-13,N05B,KNN,13.0,13.0,Train
2019-05-01,N05B,KNN,1.0,1.0,Train
2018-11-11,N05B,KNN,14.0,14.0,Train
2017-11-26,N05B,KNN,2.0,2.0,Train
2016-03-01,N05B,KNN,11.0,11.0,Train
2018-02-02,N05B,KNN,6.0,6.0,Train
2016-05-01,N05B,KNN,0.0,0.0,Train
2014-01-18,N05B,KNN,15.0,15.0,Train
2014-05-22,N05B,KNN,8.0,8.0,Train
2017-07-28,N05B,KNN,10.0,10.0,Train
2014-08-14,N05B,KNN,13.0,13.0,Train
2015-04-24,N05B,KNN,5.0,5.0,Train
2019-06-03,N05B,KNN,4.0,4.0,Train
2016-09-07,N05B,KNN,14.0,14.0,Train
2014-01-09,N05B,KNN,16.0,16.0,Train
2017-03-14,N05B,KNN,5.0,5.0,Train
2016-03-30,N05B,KNN,3.0,3.0,Train
2014-04-02,N05B,KNN,1.0,1.0,Train
2017-08-10,N05B,KNN,19.0,19.0,Train
2015-06-25,N05B,KNN,4.0,4.0,Train
2015-07-23,N05B,KNN,3.0,3.0,Train
2017-01-24,N05B,KNN,11.25,11.25,Train
2016-02-07,N05B,KNN,2.0,2.0,Train
2019-02-22,N05B,KNN,5.0,5.0,Train
2017-07-23,N05B,KNN,4.0,4.0,Train
2019-01-05,N05B,KNN,10.0,10.0,Train
2017-07-27,N05B,KNN,8.0,8.0,Train
2019-07-05,N05B,KNN,11.0,11.0,Train
2019-05-16,N05B,KNN,9.0,9.0,Train
2016-04-14,N05B,KNN,9.0,9.0,Train
2014-06-12,N05B,KNN,12.0,12.0,Train
2016-02-27,N05B,KNN,3.0,3.0,Train
2015-12-02,N05B,KNN,23.0,23.0,Train
2017-09-13,N05B,KNN,16.0,16.0,Train
2014-05-28,N05B,KNN,9.0,9.0,Train
2015-08-09,N05B,KNN,5.0,5.0,Train
2018-08-13,N05B,KNN,15.0,15.0,Train
2017-03-09,N05B,KNN,6.0,6.0,Train
2019-02-05,N05B,KNN,2.0,2.0,Train
2014-02-05,N05B,KNN,15.0,15.0,Train
2015-08-25,N05B,KNN,20.0,20.0,Train
2015-11-07,N05B,KNN,15.0,15.0,Train
2014-02-26,N05B,KNN,5.0,5.0,Train
2016-08-12,N05B,KNN,6.0,6.0,Train
2017-06-06,N05B,KNN,3.0,3.0,Train
2017-06-03,N05B,KNN,3.0,3.0,Train
2019-03-08,N05B,KNN,4.0,4.0,Train
2018-06-17,N05B,KNN,10.0,10.0,Train
2019-07-19,N05B,KNN,15.0,15.0,Train
2016-07-15,N05B,KNN,4.0,4.0,Train
2018-06-18,N05B,KNN,4.0,4.0,Train
2017-07-05,N05B,KNN,20.0,20.0,Train
2014-05-02,N05B,KNN,16.0,16.0,Train
2019-03-04,N05B,KNN,3.0,3.0,Train
2015-12-23,N05B,KNN,3.0,3.0,Train
2016-07-19,N05B,KNN,5.0,5.0,Train
2015-01-23,N05B,KNN,14.0,14.0,Train
2016-07-04,N05B,KNN,8.0,8.0,Train
2017-11-12,N05B,KNN,9.0,9.0,Train
2019-03-20,N05B,KNN,8.2,8.2,Train
2015-05-16,N05B,KNN,4.0,4.0,Train
2014-04-25,N05B,KNN,10.0,10.0,Train
2017-10-08,N05B,KNN,2.0,2.0,Train
2019-07-23,N05B,KNN,11.0,11.0,Train
2018-04-11,N05B,KNN,12.0,12.0,Train
2015-12-11,N05B,KNN,9.0,9.0,Train
2015-11-15,N05B,KNN,8.0,8.0,Train
2016-06-25,N05B,KNN,5.0,5.0,Train
2017-11-09,N05B,KNN,2.0,2.0,Train
2016-12-15,N05B,KNN,8.0,8.0,Train
2014-09-08,N05B,KNN,15.0,15.0,Train
2019-05-21,N05B,KNN,12.2,12.2,Train
2014-09-16,N05B,KNN,13.0,13.0,Train
2015-02-02,N05B,KNN,14.0,14.0,Train
2017-11-24,N05B,KNN,5.0,5.0,Train
2016-02-28,N05B,KNN,6.0,6.0,Train
2018-10-28,N05B,KNN,9.0,9.0,Train
2019-02-15,N05B,KNN,16.0,16.0,Train
2015-02-08,N05B,KNN,8.0,8.0,Train
2014-11-01,N05B,KNN,22.0,22.0,Train
2016-12-09,N05B,KNN,2.0,2.0,Train
2014-08-29,N05B,KNN,18.0,18.0,Train
2019-07-13,N05B,KNN,5.0,5.0,Train
2016-03-12,N05B,KNN,4.0,4.0,Train
2014-01-28,N05B,KNN,22.0,22.0,Train
2017-04-07,N05B,KNN,5.0,5.0,Train
2015-01-21,N05B,KNN,17.0,17.0,Train
2017-04-05,N05B,KNN,9.0,9.0,Train
2015-06-06,N05B,KNN,6.0,6.0,Train
2016-01-30,N05B,KNN,3.0,3.0,Train
2015-05-29,N05B,KNN,6.0,6.0,Train
2015-03-13,N05B,KNN,11.0,11.0,Train
2017-06-11,N05B,KNN,8.0,8.0,Train
2015-08-23,N05B,KNN,8.0,8.0,Train
2015-07-02,N05B,KNN,3.0,3.0,Train
2014-06-10,N05B,KNN,16.0,16.0,Train
2018-09-17,N05B,KNN,10.0,10.0,Train
2018-02-17,N05B,KNN,5.0,5.0,Train
2014-10-02,N05B,KNN,11.0,11.0,Train
2018-10-31,N05B,KNN,7.0,7.0,Train
2016-01-07,N05B,KNN,0.0,0.0,Train
2014-01-20,N05B,KNN,18.0,18.0,Train
2017-06-09,N05B,KNN,2.0,2.0,Train
2019-01-04,N05B,KNN,10.0,10.0,Train
2018-02-27,N05B,KNN,20.0,20.0,Train
2015-12-22,N05B,KNN,6.0,6.0,Train
2017-12-29,N05B,KNN,17.0,17.0,Train
2015-10-12,N05B,KNN,12.0,12.0,Train
2017-02-12,N05B,KNN,4.0,4.0,Train
2014-04-29,N05B,KNN,6.0,6.0,Train
2017-08-24,N05B,KNN,13.0,13.0,Train
2015-03-09,N05B,KNN,10.0,10.0,Train
2014-06-07,N05B,KNN,8.0,8.0,Train
2017-10-09,N05B,KNN,0.0,0.0,Train
2017-04-01,N05B,KNN,2.0,2.0,Train
2017-04-04,N05B,KNN,2.0,2.0,Train
2017-01-05,N05B,KNN,14.58333333,14.58333333,Train
2017-06-08,N05B,KNN,4.0,4.0,Train
2016-03-15,N05B,KNN,7.0,7.0,Train
2019-06-19,N05B,KNN,6.0,6.0,Train
2019-08-17,N05B,KNN,5.0,5.0,Train
2018-08-21,N05B,KNN,4.0,4.0,Train
2017-10-11,N05B,KNN,2.0,2.0,Train
2019-02-03,N05B,KNN,10.0,10.0,Train
2014-02-20,N05B,KNN,16.0,16.0,Train
2016-04-22,N05B,KNN,4.0,4.0,Train
2015-06-18,N05B,KNN,4.0,4.0,Train
2016-09-04,N05B,KNN,10.0,10.0,Train
2016-09-24,N05B,KNN,8.0,8.0,Train
2018-04-23,N05B,KNN,7.0,7.0,Train
2014-05-27,N05B,KNN,12.0,12.0,Train
2017-10-07,N05B,KNN,4.0,4.0,Train
2016-07-14,N05B,KNN,3.0,3.0,Train
2014-01-15,N05B,KNN,12.0,12.0,Train
2019-01-14,N05B,KNN,10.0,10.0,Train
2016-05-02,N05B,KNN,7.0,7.0,Train
2017-06-14,N05B,KNN,6.0,6.0,Train
2019-04-25,N05B,KNN,17.0,17.0,Train
2019-02-13,N05B,KNN,16.0,16.0,Train
2019-07-11,N05B,KNN,7.0,7.0,Train
2017-03-07,N05B,KNN,4.0,4.0,Train
2016-08-11,N05B,KNN,1.0,1.0,Train
2018-01-08,N05B,KNN,5.0,5.0,Train
2015-09-04,N05B,KNN,8.0,8.0,Train
2016-04-21,N05B,KNN,6.0,6.0,Train
2016-05-18,N05B,KNN,7.0,7.0,Train
2016-02-03,N05B,KNN,11.0,11.0,Train
2016-01-29,N05B,KNN,3.0,3.0,Train
2015-12-08,N05B,KNN,8.0,8.0,Train
2018-03-10,N05B,KNN,11.0,11.0,Train
2015-11-27,N05B,KNN,7.0,7.0,Train
2015-07-26,N05B,KNN,4.0,4.0,Train
2014-12-01,N05B,KNN,19.0,19.0,Train
2015-08-19,N05B,KNN,15.0,15.0,Train
2015-09-17,N05B,KNN,3.0,3.0,Train
2018-10-02,N05B,KNN,7.0,7.0,Train
2016-02-23,N05B,KNN,11.0,11.0,Train
2017-09-21,N05B,KNN,8.0,8.0,Train
2019-09-13,N05B,KNN,12.0,12.0,Train
2016-08-04,N05B,KNN,12.0,12.0,Train
2015-03-24,N05B,KNN,8.0,8.0,Train
2014-06-11,N05B,KNN,16.0,16.0,Train
2017-03-02,N05B,KNN,1.0,1.0,Train
2016-10-27,N05B,KNN,10.0,10.0,Train
2015-10-08,N05B,KNN,5.0,5.0,Train
2014-02-04,N05B,KNN,8.0,8.0,Train
2017-09-28,N05B,KNN,3.0,3.0,Train
2018-06-22,N05B,KNN,3.0,3.0,Train
2016-10-20,N05B,KNN,2.0,2.0,Train
2015-10-04,N05B,KNN,3.0,3.0,Train
2019-03-17,N05B,KNN,6.0,6.0,Train
2014-06-24,N05B,KNN,23.0,23.0,Train
2016-06-28,N05B,KNN,20.0,20.0,Train
2016-11-01,N05B,KNN,18.0,18.0,Train
2018-03-25,N05B,KNN,9.0,9.0,Train
2019-06-26,N05B,KNN,5.0,5.0,Train
2018-08-05,N05B,KNN,4.0,4.0,Train
2018-01-31,N05B,KNN,12.0,12.0,Train
2018-03-19,N05B,KNN,11.0,11.0,Train
2017-10-10,N05B,KNN,8.0,8.0,Train
2018-12-13,N05B,KNN,6.0,6.0,Train
2018-07-10,N05B,KNN,9.0,9.0,Train
2015-04-11,N05B,KNN,9.0,9.0,Train
2018-07-11,N05B,KNN,13.0,13.0,Train
2014-08-06,N05B,KNN,7.0,7.0,Train
2017-02-26,N05B,KNN,3.0,3.0,Train
2014-07-19,N05B,KNN,10.0,10.0,Train
2019-02-09,N05B,KNN,10.0,10.0,Train
2014-03-22,N05B,KNN,10.0,10.0,Train
2017-08-13,N05B,KNN,5.0,5.0,Train
2017-05-13,N05B,KNN,4.0,4.0,Train
2019-03-15,N05B,KNN,7.0,7.0,Train
2016-10-23,N05B,KNN,10.0,10.0,Train
2015-04-29,N05B,KNN,2.0,2.0,Train
2017-01-21,N05B,KNN,15.0,15.0,Train
2019-09-06,N05B,KNN,7.0,7.0,Train
2015-07-10,N05B,KNN,15.0,15.0,Train
2014-11-28,N05B,KNN,12.0,12.0,Train
2015-06-13,N05B,KNN,6.0,6.0,Train
2016-08-06,N05B,KNN,33.0,33.0,Train
2014-11-23,N05B,KNN,11.0,11.0,Train
2018-11-07,N05B,KNN,15.0,15.0,Train
2018-03-17,N05B,KNN,11.0,11.0,Train
2019-04-17,N05B,KNN,11.0,11.0,Train
2017-09-20,N05B,KNN,6.0,6.0,Train
2015-09-01,N05B,KNN,8.0,8.0,Train
2014-08-19,N05B,KNN,13.0,13.0,Train
2016-10-13,N05B,KNN,20.0,20.0,Train
2014-06-27,N05B,KNN,13.0,13.0,Train
2014-12-05,N05B,KNN,15.0,15.0,Train
2015-07-13,N05B,KNN,5.0,5.0,Train
2015-07-16,N05B,KNN,3.0,3.0,Train
2018-12-05,N05B,KNN,13.0,13.0,Train
2018-04-04,N05B,KNN,9.0,9.0,Train
2015-03-15,N05B,KNN,3.0,3.0,Train
2014-01-10,N05B,KNN,15.0,15.0,Train
2019-08-28,N05B,KNN,6.0,6.0,Train
2019-08-09,N05B,KNN,13.0,13.0,Train
2015-04-15,N05B,KNN,15.0,15.0,Train
2018-09-28,N05B,KNN,3.0,3.0,Train
2015-06-21,N05B,KNN,5.0,5.0,Train
2014-10-09,N05B,KNN,10.0,10.0,Train
2014-09-11,N05B,KNN,15.0,15.0,Train
2017-02-08,N05B,KNN,7.0,7.0,Train
2018-04-30,N05B,KNN,12.0,12.0,Train
2017-11-08,N05B,KNN,1.0,1.0,Train
2015-07-25,N05B,KNN,7.0,7.0,Train
2016-10-06,N05B,KNN,4.0,4.0,Train
2018-07-12,N05B,KNN,11.0,11.0,Train
2014-01-17,N05B,KNN,15.0,15.0,Train
2017-03-21,N05B,KNN,4.0,4.0,Train
2017-03-25,N05B,KNN,3.0,3.0,Train
2016-04-16,N05B,KNN,11.0,11.0,Train
2014-05-23,N05B,KNN,8.0,8.0,Train
2017-04-19,N05B,KNN,2.0,2.0,Train
2018-08-02,N05B,KNN,11.0,11.0,Train
2015-11-23,N05B,KNN,3.0,3.0,Train
2019-06-23,N05B,KNN,1.0,1.0,Train
2018-06-15,N05B,KNN,10.0,10.0,Train
2016-10-25,N05B,KNN,10.0,10.0,Train
2016-01-01,N05B,KNN,0.0,0.0,Train
2015-12-12,N05B,KNN,5.0,5.0,Train
2016-10-30,N05B,KNN,5.0,5.0,Train
2015-06-20,N05B,KNN,5.0,5.0,Train
2016-11-23,N05B,KNN,5.0,5.0,Train
2018-02-07,N05B,KNN,8.0,8.0,Train
2017-02-16,N05B,KNN,2.0,2.0,Train
2019-05-31,N05B,KNN,2.0,2.0,Train
2015-10-17,N05B,KNN,8.0,8.0,Train
2016-12-07,N05B,KNN,8.0,8.0,Train
2019-03-05,N05B,KNN,8.0,8.0,Train
2014-12-08,N05B,KNN,9.0,9.0,Train
2019-03-21,N05B,KNN,13.0,13.0,Train
2016-01-05,N05B,KNN,15.0,15.0,Train
2019-01-10,N05B,KNN,12.0,12.0,Train
2019-08-03,N05B,KNN,6.0,6.0,Train
2014-10-19,N05B,KNN,9.0,9.0,Train
2019-07-01,N05B,KNN,7.0,7.0,Train
2016-06-26,N05B,KNN,20.0,20.0,Train
2015-02-26,N05B,KNN,13.0,13.0,Train
2015-01-30,N05B,KNN,19.0,19.0,Train
2016-04-10,N05B,KNN,4.0,4.0,Train
2014-03-24,N05B,KNN,7.0,7.0,Train
2014-06-01,N05B,KNN,4.0,4.0,Train
2017-06-24,N05B,KNN,8.0,8.0,Train
2015-12-07,N05B,KNN,6.0,6.0,Train
2017-03-17,N05B,KNN,14.0,14.0,Train
2018-05-26,N05B,KNN,7.0,7.0,Train
2017-07-20,N05B,KNN,11.0,11.0,Train
2018-09-21,N05B,KNN,10.0,10.0,Train
2018-07-29,N05B,KNN,7.0,7.0,Train
2018-11-12,N05B,KNN,15.0,15.0,Train
2019-07-06,N05B,KNN,2.0,2.0,Train
2016-05-22,N05B,KNN,6.0,6.0,Train
2015-12-19,N05B,KNN,0.0,0.0,Train
2017-08-09,N05B,KNN,15.0,15.0,Train
2014-11-05,N05B,KNN,19.0,19.0,Train
2014-09-10,N05B,KNN,12.0,12.0,Train
2016-04-19,N05B,KNN,7.0,7.0,Train
2016-09-30,N05B,KNN,5.0,5.0,Train
2016-08-14,N05B,KNN,2.0,2.0,Train
2019-08-12,N05B,KNN,11.0,11.0,Train
2017-02-05,N05B,KNN,1.0,1.0,Train
2018-08-31,N05B,KNN,13.0,13.0,Train
2018-11-17,N05B,KNN,5.0,5.0,Train
2017-05-02,N05B,KNN,5.0,5.0,Train
2019-08-22,N05B,KNN,8.0,8.0,Train
2018-08-27,N05B,KNN,6.0,6.0,Train
2017-07-22,N05B,KNN,3.0,3.0,Train
2017-05-14,N05B,KNN,6.0,6.0,Train
2018-11-26,N05B,KNN,15.0,15.0,Train
2019-02-17,N05B,KNN,11.2,11.2,Train
2019-01-13,N05B,KNN,4.0,4.0,Train
2017-01-01,N05B,KNN,8.75,8.75,Train
2017-03-16,N05B,KNN,4.0,4.0,Train
2015-02-14,N05B,KNN,13.0,13.0,Train
2017-08-14,N05B,KNN,4.0,4.0,Train
2014-08-13,N05B,KNN,11.0,11.0,Train
2017-12-20,N05B,KNN,3.0,3.0,Train
2015-10-10,N05B,KNN,19.5,19.5,Train
2014-10-07,N05B,KNN,17.0,17.0,Train
2014-07-06,N05B,KNN,9.0,9.0,Train
2017-09-25,N05B,KNN,7.0,7.0,Train
2015-04-13,N05B,KNN,5.0,5.0,Train
2016-11-25,N05B,KNN,20.0,20.0,Train
2018-07-27,N05B,KNN,11.0,11.0,Train
2018-06-01,N05B,KNN,9.0,9.0,Train
2016-03-21,N05B,KNN,11.0,11.0,Train
2019-07-18,N05B,KNN,11.0,11.0,Train
2016-03-09,N05B,KNN,7.0,7.0,Train
2014-10-01,N05B,KNN,15.0,15.0,Train
2015-12-29,N05B,KNN,9.0,9.0,Train
2017-08-30,N05B,KNN,4.0,4.0,Train
2019-04-07,N05B,KNN,3.0,3.0,Train
2016-07-26,N05B,KNN,16.0,16.0,Train
2017-09-04,N05B,KNN,7.0,7.0,Train
2014-09-19,N05B,KNN,8.0,8.0,Train
2018-01-16,N05B,KNN,2.0,2.0,Train
2014-04-22,N05B,KNN,8.0,8.0,Train
2018-08-04,N05B,KNN,11.0,11.0,Train
2018-01-06,N05B,KNN,4.0,4.0,Train
2016-09-06,N05B,KNN,14.0,14.0,Train
2015-08-10,N05B,KNN,12.5,12.5,Train
2017-06-13,N05B,KNN,9.0,9.0,Train
2014-02-25,N05B,KNN,13.0,13.0,Train
2015-06-03,N05B,KNN,9.0,9.0,Train
2016-04-07,N05B,KNN,7.0,7.0,Train
2017-02-24,N05B,KNN,10.0,10.0,Train
2016-08-29,N05B,KNN,4.0,4.0,Train
2014-10-22,N05B,KNN,7.0,7.0,Train
2017-12-09,N05B,KNN,14.0,14.0,Train
2014-07-05,N05B,KNN,11.0,11.0,Train
2017-12-06,N05B,KNN,12.0,12.0,Train
2019-04-24,N05B,KNN,13.0,13.0,Train
2016-08-08,N05B,KNN,36.0,36.0,Train
2017-07-12,N05B,KNN,12.0,12.0,Train
2016-06-13,N05B,KNN,7.0,7.0,Train
2018-07-28,N05B,KNN,9.0,9.0,Train
2018-05-07,N05B,KNN,13.0,13.0,Train
2014-07-28,N05B,KNN,9.0,9.0,Train
2015-08-12,N05B,KNN,9.5,9.5,Train
2014-05-11,N05B,KNN,7.0,7.0,Train
2016-08-09,N05B,KNN,26.0,26.0,Train
2017-06-19,N05B,KNN,1.0,1.0,Train
2018-10-10,N05B,KNN,13.0,13.0,Train
2018-03-01,N05B,KNN,26.0,26.0,Train
2019-09-12,N05B,KNN,11.2,11.2,Train
2017-10-19,N05B,KNN,8.0,8.0,Train
2016-09-13,N05B,KNN,13.0,13.0,Train
2015-11-01,N05B,KNN,11.0,11.0,Train
2017-04-03,N05B,KNN,8.0,8.0,Train
2016-04-11,N05B,KNN,11.0,11.0,Train
2018-06-28,N05B,KNN,13.0,13.0,Train
2017-09-19,N05B,KNN,6.0,6.0,Train
2015-04-17,N05B,KNN,6.0,6.0,Train
2015-07-09,N05B,KNN,4.0,4.0,Train
2017-01-22,N05B,KNN,19.16666667,19.16666667,Train
2017-09-14,N05B,KNN,6.0,6.0,Train
2016-10-16,N05B,KNN,3.0,3.0,Train
2018-08-17,N05B,KNN,5.0,5.0,Train
2018-10-09,N05B,KNN,18.0,18.0,Train
2019-02-21,N05B,KNN,15.0,15.0,Train
2016-05-21,N05B,KNN,3.0,3.0,Train
2015-08-01,N05B,KNN,14.0,14.0,Train
2015-09-28,N05B,KNN,8.0,8.0,Train
2015-05-17,N05B,KNN,0.0,0.0,Train
2016-06-24,N05B,KNN,15.0,15.0,Train
2019-03-14,N05B,KNN,12.0,12.0,Train
2014-08-24,N05B,KNN,12.0,12.0,Train
2018-12-01,N05B,KNN,7.0,7.0,Train
2016-12-13,N05B,KNN,0.0,0.0,Train
2017-04-28,N05B,KNN,2.0,2.0,Train
2017-01-07,N05B,KNN,8.75,8.75,Train
2017-05-27,N05B,KNN,5.0,5.0,Train
2019-04-03,N05B,KNN,12.0,12.0,Train
2014-06-04,N05B,KNN,6.0,6.0,Train
2017-10-12,N05B,KNN,9.0,9.0,Train
2015-05-13,N05B,KNN,5.0,5.0,Train
2018-05-13,N05B,KNN,3.0,3.0,Train
2015-09-26,N05B,KNN,6.0,6.0,Train
2018-08-11,N05B,KNN,16.0,16.0,Train
2019-04-01,N05B,KNN,12.0,12.0,Train
2016-06-05,N05B,KNN,5.0,5.0,Train
2016-05-28,N05B,KNN,4.0,4.0,Train
2014-03-18,N05B,KNN,9.0,9.0,Train
2014-12-03,N05B,KNN,23.0,23.0,Train
2018-10-24,N05B,KNN,7.0,7.0,Train
2018-09-15,N05B,KNN,6.0,6.0,Train
2019-06-02,N05B,KNN,4.0,4.0,Train
2017-12-21,N05B,KNN,5.0,5.0,Train
2014-09-23,N05B,KNN,10.0,10.0,Train
2014-09-18,N05B,KNN,7.0,7.0,Train
2014-10-04,N05B,KNN,12.0,12.0,Train
2014-04-24,N05B,KNN,6.0,6.0,Train
2016-09-12,N05B,KNN,10.0,10.0,Train
2014-05-29,N05B,KNN,13.0,13.0,Train
2017-05-12,N05B,KNN,4.0,4.0,Train
2016-03-22,N05B,KNN,12.0,12.0,Train
2019-06-20,N05B,KNN,9.0,9.0,Train
2016-04-23,N05B,KNN,8.0,8.0,Train
2015-09-02,N05B,KNN,9.5,9.5,Train
2017-12-14,N05B,KNN,5.0,5.0,Train
2017-03-28,N05B,KNN,14.0,14.0,Train
2015-09-27,N05B,KNN,3.0,3.0,Train
2016-07-24,N05B,KNN,4.0,4.0,Train
2014-03-05,N05B,KNN,4.0,4.0,Train
2019-03-22,N05B,KNN,13.0,13.0,Train
2017-10-22,N05B,KNN,8.0,8.0,Train
2015-04-03,N05B,KNN,12.0,12.0,Train
2015-03-29,N05B,KNN,7.0,7.0,Train
2015-08-02,N05B,KNN,9.0,9.0,Train
2014-12-02,N05B,KNN,26.0,26.0,Train
2015-07-08,N05B,KNN,6.0,6.0,Train
2015-11-28,N05B,KNN,3.0,3.0,Train
2019-02-04,N05B,KNN,5.0,5.0,Train
2018-12-14,N05B,KNN,2.0,2.0,Train
2016-06-18,N05B,KNN,1.0,1.0,Train
2016-12-06,N05B,KNN,4.0,4.0,Train
2018-12-15,N05B,KNN,5.0,5.0,Train
2016-07-07,N05B,KNN,11.0,11.0,Train
2018-12-10,N05B,KNN,12.0,12.0,Train
2019-06-01,N05B,KNN,1.0,1.0,Train
2019-08-13,N05B,KNN,3.0,3.0,Train
2018-01-29,N05B,KNN,10.0,10.0,Train
2014-01-14,N05B,KNN,6.0,6.0,Train
2018-03-15,N05B,KNN,10.0,10.0,Train
2018-05-28,N05B,KNN,7.0,7.0,Train
2019-08-21,N05B,KNN,10.0,10.0,Train
2016-12-24,N05B,KNN,4.0,4.0,Train
2018-11-15,N05B,KNN,3.0,3.0,Train
2015-11-02,N05B,KNN,7.0,7.0,Train
2019-03-29,N05B,KNN,10.0,10.0,Train
2014-04-11,N05B,KNN,2.0,2.0,Train
2016-02-19,N05B,KNN,18.0,18.0,Train
2015-02-11,N05B,KNN,16.0,16.0,Train
2019-07-29,N05B,KNN,12.0,12.0,Train
2016-01-22,N05B,KNN,11.0,11.0,Train
2019-02-11,N05B,KNN,10.0,10.0,Train
2017-05-26,N05B,KNN,4.0,4.0,Train
2019-01-02,N05B,KNN,4.0,4.0,Train
2014-10-23,N05B,KNN,7.0,7.0,Train
2018-01-02,N05B,KNN,3.0,3.0,Train
2016-12-27,N05B,KNN,8.0,8.0,Train
2018-11-21,N05B,KNN,5.0,5.0,Train
2015-08-29,N05B,KNN,4.0,4.0,Train
2017-04-17,N05B,KNN,1.0,1.0,Train
2017-02-23,N05B,KNN,5.0,5.0,Train
2019-10-04,N05B,KNN,13.0,13.0,Train
2017-06-16,N05B,KNN,6.0,6.0,Train
2014-01-21,N05B,KNN,15.0,15.0,Train
2016-03-08,N05B,KNN,7.0,7.0,Train
2016-10-19,N05B,KNN,11.0,11.0,Train
2016-07-01,N05B,KNN,1.0,1.0,Train
2015-04-07,N05B,KNN,8.0,8.0,Train
2017-09-06,N05B,KNN,6.0,6.0,Train
2019-08-25,N05B,KNN,4.0,4.0,Train
2015-04-10,N05B,KNN,5.0,5.0,Train
2015-03-20,N05B,KNN,13.0,13.0,Train
2018-02-08,N05B,KNN,7.0,7.0,Train
2016-09-01,N05B,KNN,2.0,2.0,Train
2017-07-04,N05B,KNN,7.0,7.0,Train
2016-10-03,N05B,KNN,2.0,2.0,Train
2014-05-14,N05B,KNN,4.0,4.0,Train
2018-06-11,N05B,KNN,17.0,17.0,Train
2014-08-20,N05B,KNN,10.0,10.0,Train
2019-07-09,N05B,KNN,12.0,12.0,Train
2014-04-04,N05B,KNN,9.0,9.0,Train
2016-05-27,N05B,KNN,14.0,14.0,Train
2014-04-27,N05B,KNN,2.0,2.0,Train
2015-05-20,N05B,KNN,12.0,12.0,Train
2017-07-14,N05B,KNN,8.0,8.0,Train
2018-02-22,N05B,KNN,6.0,6.0,Train
2017-01-08,N05B,KNN,10.0,10.0,Train
2014-04-16,N05B,KNN,1.0,1.0,Train
2016-04-26,N05B,KNN,19.0,19.0,Train
2017-06-15,N05B,KNN,10.0,10.0,Train
2014-01-24,N05B,KNN,13.0,13.0,Train
2018-08-19,N05B,KNN,3.0,3.0,Train
2014-08-27,N05B,KNN,14.0,14.0,Train
2017-06-07,N05B,KNN,13.0,13.0,Train
2016-04-17,N05B,KNN,2.0,2.0,Train
2018-06-19,N05B,KNN,8.0,8.0,Train
2017-09-24,N05B,KNN,7.0,7.0,Train
2014-12-15,N05B,KNN,14.0,14.0,Train
2019-06-30,N05B,KNN,5.0,5.0,Train
2017-05-17,N05B,KNN,5.0,5.0,Train
2016-06-17,N05B,KNN,8.0,8.0,Train
2018-01-28,N05B,KNN,11.0,11.0,Train
2014-07-14,N05B,KNN,19.0,19.0,Train
2018-09-03,N05B,KNN,12.0,12.0,Train
2016-05-09,N05B,KNN,3.0,3.0,Train
2018-12-30,N05B,KNN,6.0,6.0,Train
2016-09-03,N05B,KNN,5.0,5.0,Train
2016-12-18,N05B,KNN,13.0,13.0,Train
2017-07-17,N05B,KNN,6.0,6.0,Train
2017-01-17,N05B,KNN,13.33333333,13.33333333,Train
2018-09-05,N05B,KNN,11.0,11.0,Train
2019-03-23,N05B,KNN,7.0,7.0,Train
2015-10-11,N05B,KNN,8.0,8.0,Train
2019-01-29,N05B,KNN,10.0,10.0,Train
2018-08-18,N05B,KNN,5.0,5.0,Train
2016-07-05,N05B,KNN,10.0,10.0,Train
2018-01-21,N05B,KNN,6.0,6.0,Train
2016-12-04,N05B,KNN,4.0,4.0,Train
2018-08-03,N05B,KNN,9.0,9.0,Train
2018-02-09,N05B,KNN,17.0,17.0,Train
2015-03-30,N05B,KNN,4.0,4.0,Train
2016-06-06,N05B,KNN,5.0,5.0,Train
2015-03-25,N05B,KNN,10.0,10.0,Train
2019-05-05,N05B,KNN,2.0,2.0,Train
2018-02-21,N05B,KNN,5.0,5.0,Train
2015-03-10,N05B,KNN,6.0,6.0,Train
2018-04-26,N05B,KNN,8.0,8.0,Train
2018-08-23,N05B,KNN,8.0,8.0,Train
2019-08-04,N05B,KNN,10.0,10.0,Train
2016-10-17,N05B,KNN,1.0,1.0,Train
2018-01-18,N05B,KNN,9.0,9.0,Train
2018-11-01,N05B,KNN,6.0,6.0,Train
2015-02-01,N05B,KNN,7.0,7.0,Train
2014-07-18,N05B,KNN,6.0,6.0,Train
2016-12-30,N05B,KNN,13.0,13.0,Train
2016-02-02,N05B,KNN,6.0,6.0,Train
2016-10-26,N05B,KNN,10.0,10.0,Train
2014-08-25,N05B,KNN,21.0,21.0,Train
2016-10-29,N05B,KNN,23.0,23.0,Train
2015-01-15,N05B,KNN,13.0,13.0,Train
2019-08-10,N05B,KNN,11.0,11.0,Train
2017-08-06,N05B,KNN,6.0,6.0,Train
2018-07-30,N05B,KNN,9.0,9.0,Train
2016-04-01,N05B,KNN,4.0,4.0,Train
2015-09-05,N05B,KNN,10.5,10.5,Train
2017-11-02,N05B,KNN,5.0,5.0,Train
2015-03-03,N05B,KNN,14.0,14.0,Train
2017-10-29,N05B,KNN,3.0,3.0,Train
2014-01-16,N05B,KNN,19.0,19.0,Train
2015-05-30,N05B,KNN,4.0,4.0,Train
2017-12-12,N05B,KNN,6.0,6.0,Train
2016-04-09,N05B,KNN,7.0,7.0,Train
2016-07-06,N05B,KNN,5.0,5.0,Train
2015-10-26,N05B,KNN,8.0,8.0,Train
2017-01-27,N05B,KNN,21.25,21.25,Train
2014-12-22,N05B,KNN,43.0,43.0,Train
2015-08-06,N05B,KNN,11.0,11.0,Train
2019-01-17,N05B,KNN,10.0,10.0,Train
2018-07-26,N05B,KNN,4.0,4.0,Train
2019-08-01,N05B,KNN,6.0,6.0,Train
2017-06-28,N05B,KNN,7.0,7.0,Train
2018-09-29,N05B,KNN,4.0,4.0,Train
2015-10-15,N05B,KNN,4.0,4.0,Train
2014-06-18,N05B,KNN,6.0,6.0,Train
2016-11-29,N05B,KNN,6.0,6.0,Train
2019-02-28,N05B,KNN,2.0,2.0,Train
2015-06-14,N05B,KNN,6.0,6.0,Train
2015-05-12,N05B,KNN,13.0,13.0,Train
2014-07-22,N05B,KNN,7.0,7.0,Train
2018-01-27,N05B,KNN,7.0,7.0,Train
2016-05-19,N05B,KNN,10.0,10.0,Train
2015-06-30,N05B,KNN,12.0,12.0,Train
2015-05-24,N05B,KNN,5.0,5.0,Train
2019-01-23,N05B,KNN,4.0,4.0,Train
2014-02-12,N05B,KNN,9.0,9.0,Train
2018-06-26,N05B,KNN,6.0,6.0,Train
2016-12-10,N05B,KNN,1.0,1.0,Train
2015-03-16,N05B,KNN,8.0,8.0,Train
2018-10-22,N05B,KNN,8.0,8.0,Train
2016-02-18,N05B,KNN,3.0,3.0,Train
2018-03-22,N05B,KNN,4.0,4.0,Train
2017-07-09,N05B,KNN,4.0,4.0,Train
